INSERT INTO [dbo].[CHUYEN_XE] (MaXe, MaTuyenXe, ThoiGianKhoiHanh, LoaiChuyen, GiaVeCoBan, TrangThai, SoGheConLai, NgayTao, NgayCapNhatCuoi) VALUES
(9, 1, '2025-10-01 00:00:00', N'Ngày thường', 260000, N'Hoàn thành', 34, '2025-09-29 00:00:00', '2025-09-29 00:00:00')

SELECT * FROM [CHUYEN_XE];

INSERT INTO [dbo].[PHAN_CONG] (MaChuyenXe, MaNhanVien, NgayTao, NgayCapNhatCuoi) VALUES
(1, 11, '2025-09-29 00:00:00', '2025-09-29 00:00:00')

SELECT * FROM [PHAN_CONG]

INSERT INTO [dbo].[VE_XE] (MaVe, MaChuyenXe, DiemLenXe, DiemXuongXe, MaGhe, TrangThai, NgayTao, NgayCapNhatCuoi) VALUES
('VE000001', 1, 1, 11, 'A11', N'Đã bán', '2025-09-29 06:38:41', '2025-09-29 06:38:41'),
('VE000002', 1, 1, 11, 'A02', N'Đã bán', '2025-09-29 06:38:41', '2025-09-29 06:38:41'),
('VE000003', 1, 1, 11, 'B12', N'Đã bán', '2025-09-29 06:38:41', '2025-09-29 06:38:41'),
('VE000004', 1, 1, 11, 'B01', N'Đã bán', '2025-09-29 06:38:41', '2025-09-29 06:38:41'),
('VE000005', 1, 1, 11, 'A01', N'Đã bán', '2025-09-29 06:38:41', '2025-09-29 06:38:41'),
('VE000006', 1, 1, 11, 'A07', N'Đã bán', '2025-09-30 07:49:38', '2025-09-30 07:49:38'),
('VE000007', 1, 1, 11, 'A08', N'Đã bán', '2025-09-30 07:49:38', '2025-09-30 07:49:38'),
('VE000008', 1, 1, 11, 'B04', N'Đã bán', '2025-09-30 07:49:38', '2025-09-30 07:49:38'),
('VE000009', 1, 1, 11, 'A13', N'Đã bán', '2025-09-30 07:49:38', '2025-09-30 07:49:38'),
('VE000010', 1, 1, 11, 'B13', N'Đã bán', '2025-09-30 07:49:38', '2025-09-30 07:49:38'),
('VE000011', 1, 1, 11, 'A10', N'Đã bán', '2025-09-30 08:18:00', '2025-09-30 08:18:00'),
('VE000012', 1, 1, 11, 'B02', N'Đã bán', '2025-09-30 08:18:00', '2025-09-30 08:18:00'),
('VE000013', 1, 1, 11, 'A03', N'Đã bán', '2025-09-30 08:18:00', '2025-09-30 08:18:00'),
('VE000014', 1, 1, 11, 'B14', N'Đã bán', '2025-09-30 08:18:00', '2025-09-30 08:18:00'),
('VE000015', 1, 1, 11, 'B05', N'Đã bán', '2025-09-30 08:18:00', '2025-09-30 08:18:00'),
('VE000016', 1, 1, 11, 'B10', N'Đã bán', '2025-09-29 12:56:25', '2025-09-29 12:56:25'),
('VE000017', 1, 1, 11, 'B06', N'Đã bán', '2025-09-29 12:56:25', '2025-09-29 12:56:25'),
('VE000018', 1, 1, 11, 'A05', N'Đã bán', '2025-09-29 12:56:25', '2025-09-29 12:56:25'),
('VE000019', 1, 1, 11, 'B03', N'Đã bán', '2025-09-29 12:56:25', '2025-09-29 12:56:25'),
('VE000020', 1, 1, 11, 'A06', N'Đã bán', '2025-09-29 12:56:25', '2025-09-29 12:56:25'),
('VE000021', 1, 1, 11, 'B15', N'Đã bán', '2025-09-29 18:18:37', '2025-09-29 18:18:37'),
('VE000022', 1, 1, 11, 'A04', N'Đã bán', '2025-09-29 18:18:37', '2025-09-29 18:18:37')

SELECT * FROM [VE_XE]

INSERT INTO [dbo].[HOA_DON_MUA_VE] (SoDienThoai, TriGiaHoaDon, NgayLapHoaDon, TrangThai, HinhThucThanhToan, MaNhanVienBanVe, NgayTao, NgayCapNhatCuoi) VALUES
('0909892325', 1300000, '2025-09-29 06:38:41', N'Đã thanh toán', N'Ngân Hàng', NULL, '2025-09-29 06:38:41', '2025-09-29 06:38:41'),
('0907200955', 1300000, '2025-09-30 07:49:38', N'Đã thanh toán', N'Momo', 8, '2025-09-30 07:49:38', '2025-09-30 07:49:38'),
('0909228200', 1300000, '2025-09-30 08:18:00', N'Đã thanh toán', N'Ngân Hàng', 10, '2025-09-30 08:18:00', '2025-09-30 08:18:00'),
('0907766270', 1300000, '2025-09-29 12:56:25', N'Đã thanh toán', N'Tiền mặt', 9, '2025-09-29 12:56:25', '2025-09-29 12:56:25'),
('0904808198', 520000, '2025-09-29 18:18:37', N'Đã thanh toán', N'Tiền mặt', NULL, '2025-09-29 18:18:37', '2025-09-29 18:18:37')

SELECT * FROM [HOA_DON_MUA_VE];

INSERT INTO [dbo].[CHI_TIET_HOA_DON] (MaHoaDon, MaVe, GiaVeThucTe, NgayTao, NgayCapNhatCuoi) VALUES
(1, 'VE000001', 260000, '2025-09-29 06:38:41', '2025-09-29 06:38:41'),
(1, 'VE000002', 260000, '2025-09-29 06:38:41', '2025-09-29 06:38:41'),
(1, 'VE000003', 260000, '2025-09-29 06:38:41', '2025-09-29 06:38:41'),
(1, 'VE000004', 260000, '2025-09-29 06:38:41', '2025-09-29 06:38:41'),
(1, 'VE000005', 260000, '2025-09-29 06:38:41', '2025-09-29 06:38:41'),
(2, 'VE000006', 260000, '2025-09-30 07:49:38', '2025-09-30 07:49:38'),
(2, 'VE000007', 260000, '2025-09-30 07:49:38', '2025-09-30 07:49:38'),
(2, 'VE000008', 260000, '2025-09-30 07:49:38', '2025-09-30 07:49:38'),
(2, 'VE000009', 260000, '2025-09-30 07:49:38', '2025-09-30 07:49:38'),
(2, 'VE000010', 260000, '2025-09-30 07:49:38', '2025-09-30 07:49:38'),
(3, 'VE000011', 260000, '2025-09-30 08:18:00', '2025-09-30 08:18:00'),
(3, 'VE000012', 260000, '2025-09-30 08:18:00', '2025-09-30 08:18:00'),
(3, 'VE000013', 260000, '2025-09-30 08:18:00', '2025-09-30 08:18:00'),
(3, 'VE000014', 260000, '2025-09-30 08:18:00', '2025-09-30 08:18:00'),
(3, 'VE000015', 260000, '2025-09-30 08:18:00', '2025-09-30 08:18:00'),
(4, 'VE000016', 260000, '2025-09-29 12:56:25', '2025-09-29 12:56:25'),
(4, 'VE000017', 260000, '2025-09-29 12:56:25', '2025-09-29 12:56:25'),
(4, 'VE000018', 260000, '2025-09-29 12:56:25', '2025-09-29 12:56:25'),
(4, 'VE000019', 260000, '2025-09-29 12:56:25', '2025-09-29 12:56:25'),
(4, 'VE000020', 260000, '2025-09-29 12:56:25', '2025-09-29 12:56:25'),
(5, 'VE000021', 260000, '2025-09-29 18:18:37', '2025-09-29 18:18:37'),
(5, 'VE000022', 260000, '2025-09-29 18:18:37', '2025-09-29 18:18:37')

SELECT * FROM [CHI_TIET_HOA_DON]

UPDATE HOA_DON_MUA_VE SET TriGiaHoaDon = 0 WHERE 1 = 1;
UPDATE [CHI_TIET_HOA_DON] SET NgayCapNhatCuoi = GETDATE()  WHERE 1 = 1;
SELECT * FROM [HOA_DON_MUA_VE]
